{
  "providers": {
    "awscloudformation": {
      "AuthRoleName": "amplify-sampleamplifysubscri-dev-184558-authRole",
      "UnauthRoleArn": "arn:aws:iam::859150182543:role/amplify-sampleamplifysubscri-dev-184558-unauthRole",
      "AuthRoleArn": "arn:aws:iam::859150182543:role/amplify-sampleamplifysubscri-dev-184558-authRole",
      "Region": "eu-west-1",
      "DeploymentBucketName": "amplify-sampleamplifysubscri-dev-184558-deployment",
      "UnauthRoleName": "amplify-sampleamplifysubscri-dev-184558-unauthRole",
      "StackName": "amplify-sampleamplifysubscri-dev-184558",
      "StackId": "arn:aws:cloudformation:eu-west-1:859150182543:stack/amplify-sampleamplifysubscri-dev-184558/0dbb5220-a2c1-11eb-a35c-0a5260204de3",
      "AmplifyAppId": "d3bq7757am7vje"
    }
  },
  "api": {
    "sampleamplifysubscri": {
      "service": "AppSync",
      "providerPlugin": "awscloudformation",
      "output": {
        "authConfig": {
          "defaultAuthentication": {
            "authenticationType": "API_KEY",
            "apiKeyConfig": {
              "apiKeyExpirationDays": 7,
              "description": "samplegraphqlchat"
            }
          },
          "additionalAuthenticationProviders": []
        },
        "GraphQLAPIIdOutput": "aq5gnu6s6rdvnoov632fy622ga",
        "GraphQLAPIEndpointOutput": "https://4dlax5gmdzcfrigznm67vbmozm.appsync-api.eu-west-1.amazonaws.com/graphql",
        "GraphQLAPIKeyOutput": "da2-pitqgnkih5clrfa5cte7jud7hi"
      },
      "providerMetadata": {
        "s3TemplateURL": "https://s3.amazonaws.com/amplify-sampleamplifysubscri-dev-184558-deployment/amplify-cfn-templates/api/cloudformation-template.json",
        "logicalId": "apisampleamplifysubscri"
      },
      "lastPushTimeStamp": "2021-04-21T16:58:10.346Z",
      "lastPushDirHash": "Yv1a84XycpYTm9zrlBjKB9spSTM="
    }
  }
}